"Designator","Device","Footprint","Mid X","Mid Y","Ref X","Ref Y","Pad X","Pad Y","Pins","Layer","Rotation","SMD","Comment","Name"
"U9","TSOP1738_TSOP1738","TSOP1738:TSOP17XX","-31.242mm","38.724mm","-31.242mm","38.724mm","-31.242mm","42.534mm","3","T","270","No","TSOP1738_TSOP1738","TSOP1738_TSOP1738"
"U11","HT7833_C50936","SOT-89_L4.5-W2.5-P1.50-LS4.2-BR","-30.792mm","-19.818mm","-30.792mm","-19.818mm","-29.436mm","-21.318mm","3","T","0","Yes","HT7833","HT7833"
"USBC1","TYPE-C-31-M-12","USB-C_SMD-TYPE-C-31-M-12_1","-30.01mm","-6.202mm","-30.01mm","-6.202mm","-28.305mm","-10.527mm","16","T","270","No","TYPE-C-31-M-12","TYPE-C-31-M-12"
"C4","CAP_0603","C0805","-27.461mm","-16.175mm","-27.461mm","-16.175mm","-27.461mm","-17.175mm","2","T","90","Yes","10uF","10uF"
"C5","CAP_0603","C0805","-27.265mm","-20.74mm","-27.265mm","-20.74mm","-27.265mm","-19.74mm","2","T","270","Yes","0.1uF","0.1uF"
"C6","CAP_0603","C0805","-25.38mm","-16.237mm","-25.38mm","-16.237mm","-25.38mm","-17.237mm","2","T","90","Yes","10uF","10uF"
"C3","CAP_0603","C0805","-25.168mm","-20.689mm","-25.168mm","-20.689mm","-25.168mm","-19.689mm","2","T","270","Yes","10uF","10uF"
"C7","CAP_0603","C0805","-23.27mm","-16.302mm","-23.27mm","-16.302mm","-23.27mm","-17.302mm","2","T","90","Yes","0.1uF","0.1uF"
"LED3","LED_0402-R","LED0805-RD_GREEN_C0805YGC","-22.987mm","-20.701mm","-22.987mm","-20.701mm","-22.987mm","-19.701mm","2","T","90","Yes","LED_0402-R","LED_0402-R"
"C8","CAP_0603","C0805","-23.368mm","-3.683mm","-23.368mm","-3.683mm","-24.368mm","-3.683mm","2","T","0","Yes","0.1uf","0.1uf"
"R9","Res_0603","R0805_NEW","-23.368mm","-7.62mm","-23.368mm","-7.62mm","-22.402mm","-7.62mm","2","T","180","Yes","5.1k","5.1k"
"R8","Res_0603","R0805_NEW","-23.368mm","-5.588mm","-23.368mm","-5.588mm","-22.402mm","-5.588mm","2","T","180","Yes","5.1k","5.1k"
"R12","Res_0603","R0805_NEW","-21.14mm","-16.389mm","-21.14mm","-16.389mm","-21.14mm","-17.355mm","2","T","90","Yes","330E","330E"
"LED2","LED_0402-R","LED0805-RD_GREEN_C0805YGC","-18.288mm","18.415mm","-18.288mm","18.415mm","-17.288mm","18.415mm","2","T","0","Yes","LED_0402-R","LED_0402-R"
"LED4","LED_0402-R","LED0805-RD_GREEN_C0805YGC","-18.078mm","15.985mm","-18.078mm","15.985mm","-17.078mm","15.985mm","2","T","0","Yes","LED_0402-R","LED_0402-R"
"U10","CH340C","SOP-16_L10.0-W3.9-P1.27-LS6.0-BL","-16.383mm","9.514mm","-16.383mm","9.514mm","-20.828mm","6.641mm","16","T","0","Yes","CH340C","CH340C"
"C2","CAP_0603","C0805","-15.494mm","3.683mm","-15.494mm","3.683mm","-16.494mm","3.683mm","2","T","0","Yes","10nF","10nF"
"RLY7","SRD-05VDC-SL-C","RELAY-TH_SRD-XXVDC-XL-C","-18.923mm","-38.227mm","-18.923mm","-38.227mm","-24.923mm","-33.127mm","5","T","270","No","SRD-05VDC-SL-C","SRD-05VDC-SL-C"
"U12","ESP32-WROOM-32D","WIFIM-SMD_ESP32-WROOM-32D","-14.478mm","39.486mm","-14.478mm","39.486mm","-23.478mm","48.501mm","39","T","270","Yes","ESP32-WROOM-32D","ESP32-WROOM-32D"
"R10","Res_0603","R0805_NEW","-14.224mm","18.415mm","-14.224mm","18.415mm","-15.19mm","18.415mm","2","T","0","Yes","330","330"
"R11","Res_0603","R0805_NEW","-14.097mm","15.991mm","-14.097mm","15.991mm","-15.063mm","15.991mm","2","T","0","Yes","330","330"
"U8","IR333-A_C95407","LED-TH_BD6.2-P2.54-FD","-10.668mm","-3.81mm","-10.668mm","-3.81mm","-11.938mm","-3.81mm","2","T","0","No","IR333-A","IR333-A"
"R13","Res_0603","R0805_NEW","-9.279mm","16.66mm","-9.279mm","16.66mm","-8.313mm","16.66mm","2","T","180","Yes","10K","10K"
"R7","Res_0603","R0805_NEW","-9.279mm","13.485mm","-9.279mm","13.485mm","-8.313mm","13.485mm","2","T","180","Yes","10K","10K"
"Q6","BC846B_C20069134","SOT-23-3_L2.9-W1.3-P1.90-LS2.4-BR","-5.715mm","17.78mm","-5.715mm","17.78mm","-6.715mm","18.73mm","3","T","180","Yes","BC846B","BC846B"
"Q5","BC846B_C20069134","SOT-23-3_L2.9-W1.3-P1.90-LS2.4-BR","-5.715mm","14.351mm","-5.715mm","14.351mm","-6.715mm","15.301mm","3","T","180","Yes","BC846B","BC846B"
"U2","IR333-A_C95407","LED-TH_BD6.2-P2.54-FD","-6.223mm","5.969mm","-6.223mm","5.969mm","-6.858mm","7.069mm","2","T","300","No","IR333-A","IR333-A"
"U7","IR333-A_C95407","LED-TH_BD6.2-P2.54-FD","-6.985mm","-12.954mm","-6.985mm","-12.954mm","-7.801mm","-13.927mm","2","T","50","No","IR333-A","IR333-A"
"LED1","17-21/BHC-AL2M2TY/3T","LED0805-R-RD_BLUE","-2.709mm","-8.446mm","-2.709mm","-8.446mm","-1.966mm","-9.189mm","2","T","315","Yes","blue","blue"
"U1","ULN2003LVDR","SOIC-16_L9.9-W3.9-P1.27-LS6.0-BL","1.871mm","-4.046mm","1.871mm","-4.046mm","3.08mm","1.032mm","16","T","225","Yes","ULN2003LVDR","ULN2003LVDR"
"RLY6","SRD-05VDC-SL-C","RELAY-TH_SRD-XXVDC-XL-C","4.989mm","-38.304mm","4.989mm","-38.304mm","-1.011mm","-33.204mm","5","T","270","No","SRD-05VDC-SL-C","SRD-05VDC-SL-C"
"U6","IR333-A_C95407","LED-TH_BD6.2-P2.54-FD","5.588mm","-15.875mm","5.588mm","-15.875mm","5.809mm","-17.126mm","2","T","100","No","IR333-A","IR333-A"
"U3","IR333-A_C95407","LED-TH_BD6.2-P2.54-FD","4.826mm","8.509mm","4.826mm","8.509mm","5.26mm","9.702mm","2","T","250","No","IR333-A","IR333-A"
"CN1","S6B-XH-A-GU","CONN-TH_S6B-XH-A","9.779mm","46.598mm","9.779mm","46.598mm","3.529mm","46.598mm","6","T","0","No","S6B-XH-A-GU","S6B-XH-A-GU"
"U5","IR333-A_C95407","LED-TH_BD6.2-P2.54-FD","13.462mm","-9.017mm","13.462mm","-9.017mm","14.562mm","-9.652mm","2","T","150","No","IR333-A","IR333-A"
"U4","IR333-A_C95407","LED-TH_BD6.2-P2.54-FD","12.954mm","2.159mm","12.954mm","2.159mm","14.147mm","2.593mm","2","T","200","No","IR333-A","IR333-A"
"RLY5","SRD-05VDC-SL-C","RELAY-TH_SRD-XXVDC-XL-C","26.416mm","-38.354mm","26.416mm","-38.354mm","20.416mm","-33.254mm","5","T","270","No","SRD-05VDC-SL-C","SRD-05VDC-SL-C"
"U13","MX128-5.0-06P-GN01-Cu-Y-A","CONN-TH_6P-P5.00_MX128-5.0-06P-GN01-CU-Y-A","34.417mm","51.043mm","34.417mm","51.043mm","46.917mm","51.043mm","6","T","180","No","MX128-5.0-06P-GN01-Cu-Y-A","MX128-5.0-06P-GN01-Cu-Y-A"
"RLY4","SRD-05VDC-SL-C","RELAY-TH_SRD-XXVDC-XL-C","39.116mm","-14.478mm","39.116mm","-14.478mm","34.016mm","-20.478mm","5","T","0","No","SRD-05VDC-SL-C","SRD-05VDC-SL-C"
"RLY3","SRD-05VDC-SL-C","RELAY-TH_SRD-XXVDC-XL-C","39.116mm","1.778mm","39.116mm","1.778mm","34.016mm","-4.222mm","5","T","0","No","SRD-05VDC-SL-C","SRD-05VDC-SL-C"
"RLY2","SRD-05VDC-SL-C","RELAY-TH_SRD-XXVDC-XL-C","39.116mm","19.431mm","39.116mm","19.431mm","34.016mm","13.431mm","5","T","0","No","SRD-05VDC-SL-C","SRD-05VDC-SL-C"
"RLY1","SRD-05VDC-SL-C","RELAY-TH_SRD-XXVDC-XL-C","39.125mm","36.507mm","39.125mm","36.507mm","34.025mm","30.507mm","5","T","0","No","SRD-05VDC-SL-C","SRD-05VDC-SL-C"
"H1","2.54-1*3P针","HDR-TH_4P-P2.54-V-M_146458-4","-31.623mm","11.43mm","-31.623mm","11.43mm","-31.623mm","15.24mm","4","T","270","No","DHT11","DHT11"
"C9","Cap tht","Cap tht","14.78mm","-54.522mm","15.367mm","-54.61mm","24.767mm","-54.509mm","2","T","180","No","Cap tht","Cap tht"
"C10","Cap tht","Cap tht","-12.271mm","-54.522mm","-11.684mm","-54.61mm","-2.284mm","-54.509mm","2","T","180","No","Cap tht","Cap tht"
"D1","1N4007W","SOD-123_L2.8-W1.8-LS3.7-RD","28.448mm","32.247mm","28.448mm","32.247mm","28.448mm","30.554mm","2","T","90","Yes","1N4007W","1N4007W"
"D2","1N4007W","SOD-123_L2.8-W1.8-LS3.7-RD","27.686mm","14.086mm","27.686mm","14.086mm","27.686mm","12.393mm","2","T","90","Yes","1N4007W","1N4007W"
"D3","1N4007W","SOD-123_L2.8-W1.8-LS3.7-RD","28.067mm","-2.932mm","28.067mm","-2.932mm","28.067mm","-4.625mm","2","T","90","Yes","1N4007W","1N4007W"
"D4","1N4007W","SOD-123_L2.8-W1.8-LS3.7-RD","27.94mm","-19.05mm","27.94mm","-19.05mm","27.94mm","-20.742mm","2","T","90","Yes","1N4007W","1N4007W"
"D5","1N4007W","SOD-123_L2.8-W1.8-LS3.7-RD","14.205mm","-25.866mm","14.205mm","-25.866mm","12.513mm","-25.866mm","2","T","0","Yes","1N4007W","1N4007W"
"D6","1N4007W","SOD-123_L2.8-W1.8-LS3.7-RD","-3.321mm","-26.247mm","-3.321mm","-26.247mm","-5.013mm","-26.247mm","2","T","0","Yes","1N4007W","1N4007W"
"D7","1N4007W","SOD-123_L2.8-W1.8-LS3.7-RD","-19.05mm","-27.305mm","-19.05mm","-27.305mm","-20.742mm","-27.305mm","2","T","0","Yes","1N4007W","1N4007W"
"Q1","2N3904(SOT-23)","SOT-23-3_L2.9-W1.3-P1.90-LS2.4-TR","27.432mm","40.502mm","27.432mm","40.502mm","28.682mm","41.452mm","3","T","0","Yes","2N3904(SOT-23)","2N3904(SOT-23)"
"Q2","2N3904(SOT-23)","SOT-23-3_L2.9-W1.3-P1.90-LS2.4-TR","27.559mm","23.103mm","27.559mm","23.103mm","28.809mm","24.053mm","3","T","0","Yes","2N3904(SOT-23)","2N3904(SOT-23)"
"Q3","2N3904(SOT-23)","SOT-23-3_L2.9-W1.3-P1.90-LS2.4-TR","27.813mm","5.715mm","27.813mm","5.715mm","29.063mm","6.665mm","3","T","0","Yes","2N3904(SOT-23)","2N3904(SOT-23)"
"Q4","2N3904(SOT-23)","SOT-23-3_L2.9-W1.3-P1.90-LS2.4-TR","27.051mm","-10.033mm","27.051mm","-10.033mm","28.301mm","-9.083mm","3","T","0","Yes","2N3904(SOT-23)","2N3904(SOT-23)"
"Q7","2N3904(SOT-23)","SOT-23-3_L2.9-W1.3-P1.90-LS2.4-TR","23.73mm","-26.374mm","23.73mm","-26.374mm","24.68mm","-27.624mm","3","T","270","Yes","2N3904(SOT-23)","2N3904(SOT-23)"
"Q8","2N3904(SOT-23)","SOT-23-3_L2.9-W1.3-P1.90-LS2.4-TR","7.601mm","-25.231mm","7.601mm","-25.231mm","8.551mm","-26.481mm","3","T","270","Yes","2N3904(SOT-23)","2N3904(SOT-23)"
"Q9","2N3904(SOT-23)","SOT-23-3_L2.9-W1.3-P1.90-LS2.4-TR","-9.163mm","-25.612mm","-9.163mm","-25.612mm","-8.213mm","-26.862mm","3","T","270","Yes","2N3904(SOT-23)","2N3904(SOT-23)"
"R14","CR1W-220K±5%-6T63","RES-TH_BD4.5-L11.0-P15.00-D0.7","15.748mm","-40.513mm","15.748mm","-40.513mm","15.748mm","-33.013mm","2","T","270","No","220kΩ","220kΩ"
"R15","CR1W-220K±5%-6T63","RES-TH_BD4.5-L11.0-P15.00-D0.7","-8.382mm","-42.164mm","-8.382mm","-42.164mm","-8.382mm","-34.664mm","2","T","270","No","220kΩ","220kΩ"
"R19","Res_0603","R0805_NEW","-32.512mm","19.939mm","-32.512mm","19.939mm","-33.478mm","19.939mm","2","T","0","Yes","5.1k","5.1k"
"R22","MFR0W4F220KA50","RES-TH_BD2.2-L6.5-P10.50-D0.6","-4.572mm","-42.672mm","-4.572mm","-42.672mm","-4.572mm","-47.922mm","2","T","90","No","2.2Ω","2.2Ω"
"R23","MFR0W4F220KA50","RES-TH_BD2.2-L6.5-P10.50-D0.6","-29.083mm","-41.402mm","-29.083mm","-41.402mm","-29.083mm","-46.652mm","2","T","90","No","2.2Ω","2.2Ω"
"C1","CAP_0603","C0805","0.254mm","-11.811mm","0.254mm","-11.811mm","0.961mm","-11.104mm","2","T","225","Yes","100nF","100nF"
"R1","1k","R0805_NEW","27.305mm","36.565mm","27.305mm","36.565mm","26.339mm","36.565mm","2","T","0","Yes","1k","1k"
"R2","1k","R0805_NEW","27.559mm","18.15mm","27.559mm","18.15mm","26.593mm","18.15mm","2","T","0","Yes","1k","1k"
"R3","1k","R0805_NEW","27.813mm","1.259mm","27.813mm","1.259mm","26.847mm","1.259mm","2","T","0","Yes","1k","1k"
"R4","1k","R0805_NEW","27.051mm","-14.478mm","27.051mm","-14.478mm","26.085mm","-14.478mm","2","T","0","Yes","1k","1k"
"R5","Res_0603","R0805_NEW","-1.016mm","-10.668mm","-1.016mm","-10.668mm","-0.333mm","-9.985mm","2","T","225","Yes","330","330"
"R6","Res_0603","R0805_NEW","-31.115mm","32.131mm","-31.115mm","32.131mm","-30.149mm","32.131mm","2","T","180","Yes","330","330"
"R16","1k","R0805_NEW","18.269mm","-25.739mm","18.269mm","-25.739mm","18.269mm","-24.773mm","2","T","270","Yes","1k","1k"
"R17","1k","R0805_NEW","2.267mm","-24.977mm","2.267mm","-24.977mm","2.267mm","-24.011mm","2","T","270","Yes","1k","1k"
"R18","1k","R0805_NEW","-13.608mm","-25.231mm","-13.608mm","-25.231mm","-13.608mm","-24.265mm","2","T","270","Yes","1k","1k"
"R20","Res_0603","R0805_NEW","-25.527mm","18.034mm","-25.527mm","18.034mm","-25.527mm","19mm","2","T","270","Yes","10K","10K"
"R21","Res_0603","R0805_NEW","-27.051mm","9.906mm","-27.051mm","9.906mm","-27.051mm","10.872mm","2","T","270","Yes","10K","10K"
"SW1","TSA010A2518A","SW-SMD_L4.0-W3.0-LS5.0","-22.733mm","18.288mm","-22.733mm","18.288mm","-22.733mm","16.088mm","2","T","90","Yes","TSA010A2518A","TSA010A2518A"
"SW2","TSA010A2518A","SW-SMD_L4.0-W3.0-LS5.0","-23.876mm","10.287mm","-23.876mm","10.287mm","-23.876mm","8.087mm","2","T","90","Yes","TSA010A2518A","TSA010A2518A"
"LED6","LED_0402-R","LED0805-RD_GREEN_C0805YGC","14.732mm","27.432mm","14.732mm","27.432mm","14.732mm","28.432mm","2","T","90","Yes","LED_0402-R","LED_0402-R"
"R25","Res_0603","R0805_NEW","-27.94mm","17.526mm","-27.94mm","17.526mm","-27.94mm","18.492mm","2","T","270","Yes","330","330"
